TIME;BeatAvg;;;;;;;;;BeatavgFiltered;SmoothedBeatavgFiltered
00:10:00;63.74;;;;;;;;;63.73;64.62
00:10:01;60.84;;;;;;;;;63.05;65.23
00:10:02;62.34;;;;;;;;;63.1;65.86
00:10:03;67.15;;;;;;;;;65.13;66.52
00:10:04;75.04;;;;;;;;;67.55;67.19
00:10:09;60.12;;;;;;;;;71.38;67.88
00:10:10;69.33;;;;;;;;;71.38;68.59
00:10:10;64.81;;;;;;;;;69.43;69.3
00:10:11;70.12;;;;;;;;;69.4;70.02
00:10:14;74.87;;;;;;;;;69.5;70.75
00:10:15;77.4;;;;;;;;;73.28;71.47
00:10:16;80.82;;;;;;;;;76.68;72.19
00:10:17;76.67;;;;;;;;;76.63;72.89
00:10:17;72.57;;;;;;;;;76.5;73.59
00:10:18;75.1;;;;;;;;;75.2;74.27
00:10:19;65.95;;;;;;;;;73.22;74.94
00:10:20;68.86;;;;;;;;;73.28;75.58
00:10:21;78.83;;;;;;;;;73.99;76.2
00:10:27;81.21;;;;;;;;;75.02;76.79
00:10:28;82.09;;;;;;;;;78.4;77.34
00:10:28;82.47;;;;;;;;;80.05;77.86
00:10:29;79.23;;;;;;;;;79.97;78.34
00:10:30;81.92;;;;;;;;;78.25;78.78
00:10:33;77.8;;;;;;;;;77.03;79.17
00:10:34;77.77;;;;;;;;;76.67;79.51
00:10:37;77.75;;;;;;;;;77.05;79.8
00:10:38;76.98;;;;;;;;;77.27;79.97
00:10:39;68.25;;;;;;;;;76.4;79.85
00:10:42;74.14;;;;;;;;;75.47;79.51
00:10:43;72.83;;;;;;;;;76.05;79.12
00:10:44;80.52;;;;;;;;;77.03;78.77
00:10:45;77.99;;;;;;;;;77.66;78.54
00:10:47;83.64;;;;;;;;;78.22;78.27
00:10:50;87.59;;;;;;;;;83.22;77.85
00:10:51;89.65;;;;;;;;;86.85;77.38
00:10:52;93.8;;;;;;;;;91.53;76.91
00:10:57;90.42;;;;;;;;;90.82;76.47
00:10:58;77.53;;;;;;;;;84.7;75.99
00:10:58;67.78;;;;;;;;;77.57;75.32
00:11:07;66.48;;;;;;;;;68.68;74.37
00:11:09;64.9;;;;;;;;;67.55;73.39
00:11:12;69.77;;;;;;;;;70.58;72.39
00:11:12;71.58;;;;;;;;;70.3;71.49
00:11:13;74.36;;;;;;;;;70.83;70.72
00:11:14;72.45;;;;;;;;;71.2;69.93
00:11:15;68.8;;;;;;;;;69.57;69.25
00:11:16;67.64;;;;;;;;;70.05;68.66
00:11:17;67.94;;;;;;;;;68.47;68.17
00:11:19;59.56;;;;;;;;;64.57;67.73
00:11:21;56.02;;;;;;;;;60.08;67.35
00:11:24;62.68;;;;;;;;;57.55;67.05
00:11:25;66.49;;;;;;;;;58.5;66.82
00:11:29;67.09;;;;;;;;;63.38;66.61
00:11:30;65.77;;;;;;;;;67.03;66.29
00:11:31;59.93;;;;;;;;;67.55;65.78
00:11:32;64.75;;;;;;;;;65.97;65.14
00:11:32;59.16;;;;;;;;;62.98;64.44
00:11:34;56.24;;;;;;;;;61.85;63.87
00:11:35;65.6;;;;;;;;;62.13;63.45
00:11:36;59.59;;;;;;;;;60.85;63.42
00:11:37;53.61;;;;;;;;;57.65;63.8
00:11:38;55.68;;;;;;;;;57.03;64.48
00:11:41;67.56;;;;;;;;;59.32;65.32
00:11:42;71.9;;;;;;;;;64.95;66.1
00:11:47;79.86;;;;;;;;;74.53;66.71
00:11:48;77.53;;;;;;;;;75.97;67.09
00:11:48;74.83;;;;;;;;;75.68;67.45
00:11:49;70.91;;;;;;;;;73.22;67.85
00:11:50;72.35;;;;;;;;;69.7;68.22
00:11:51;74.79;;;;;;;;;71.78;68.53
00:11:52;71.24;;;;;;;;;72.15;68.76
00:11:53;71.31;;;;;;;;;72.6;68.9
00:11:54;71.08;;;;;;;;;71.05;68.99
00:11:55;67.74;;;;;;;;;68.82;69.01
00:11:56;59.17;;;;;;;;;66.05;68.91
00:11:57;58.8;;;;;;;;;62.75;68.61
00:11:58;59.86;;;;;;;;;60.3;68.16
00:11:58;60.41;;;;;;;;;59.1;67.62
00:12:01;72.15;;;;;;;;;61.63;67.16
00:12:02;72.37;;;;;;;;;66.83;66.83
00:12:03;78.74;;;;;;;;;73.55;66.53
00:12:03;81.29;;;;;;;;;79.23;66.21
00:12:04;78.67;;;;;;;;;78.98;65.74
00:12:05;72.08;;;;;;;;;77.68;65.14
00:12:08;63.3;;;;;;;;;72.52;64.49
00:12:09;64.12;;;;;;;;;65.57;63.81
00:12:10;63.22;;;;;;;;;63.22;63.13
00:12:11;59.92;;;;;;;;;60.1;62.41
00:12:13;55.67;;;;;;;;;58.48;61.75
00:12:15;61.38;;;;;;;;;58.0;61.28
00:12:17;49.61;;;;;;;;;56.17;61.1
00:12:18;48.6;;;;;;;;;53.95;61.05
00:12:19;55.66;;;;;;;;;53.35;61.11
00:12:20;54.33;;;;;;;;;52.78;61.09
00:12:21;54.38;;;;;;;;;53.65;60.96
00:12:22;53.12;;;;;;;;;56.03;60.82
00:12:25;65.19;;;;;;;;;56.42;60.65
00:12:26;59.35;;;;;;;;;58.23;60.47
00:12:27;60.17;;;;;;;;;59.0;60.23
00:12:30;60.12;;;;;;;;;58.57;59.99
00:12:31;61.25;;;;;;;;;59.17;59.73
00:12:32;63.65;;;;;;;;;59.95;59.47
00:12:33;65.45;;;;;;;;;62.03;59.22
00:12:34;61.34;;;;;;;;;63.25;59.0
00:12:35;61.11;;;;;;;;;62.47;58.88
00:12:36;55.86;;;;;;;;;61.98;58.94
00:12:37;60.81;;;;;;;;;61.08;59.28
00:12:40;66.73;;;;;;;;;63.15;59.9
00:12:42;71.49;;;;;;;;;65.92;60.67
00:12:43;69.98;;;;;;;;;68.35;61.49
00:12:43;63.33;;;;;;;;;68.18;62.23
00:12:45;59.81;;;;;;;;;64.35;62.73
00:12:46;54.14;;;;;;;;;63.6;63.1
00:12:47;63.64;;;;;;;;;62.47;63.38
00:12:48;58.68;;;;;;;;;60.18;63.59
00:12:49;56.98;;;;;;;;;60.45;63.81
00:12:50;56.17;;;;;;;;;58.33;63.94
00:12:53;51.98;;;;;;;;;55.78;63.83
00:12:54;55.9;;;;;;;;;56.2;63.49
00:12:55;65.82;;;;;;;;;56.95;62.96
00:12:55;64.27;;;;;;;;;59.75;62.3
00:12:56;66.98;;;;;;;;;62.75;61.77
00:12:57;64.45;;;;;;;;;65.9;61.38
00:13:02;76.76;;;;;;;;;69.2;61.17
00:13:02;65.88;;;;;;;;;70.03;61.11
00:13:03;74.47;;;;;;;;;70.15;61.12
00:13:04;60.18;;;;;;;;;68.7;61.25
00:13:05;68.57;;;;;;;;;66.53;61.47
00:13:06;67.95;;;;;;;;;64.35;61.78
00:13:10;59.98;;;;;;;;;63.1;62.11
00:13:11;62.25;;;;;;;;;62.45;62.35
00:13:12;60.89;;;;;;;;;60.98;62.51
00:13:14;54.24;;;;;;;;;59.25;62.63
00:13:15;51.32;;;;;;;;;56.68;62.8
00:13:15;51.05;;;;;;;;;55.67;63.04
00:13:19;58.15;;;;;;;;;55.0;63.39
00:13:20;58.37;;;;;;;;;56.53;63.81
00:13:23;56.89;;;;;;;;;58.63;64.14
00:13:24;61.28;;;;;;;;;58.58;64.47
00:13:27;58.45;;;;;;;;;58.38;64.8
00:13:28;54.1;;;;;;;;;56.93;65.04
00:13:29;57.1;;;;;;;;;56.37;65.29
00:13:29;68.62;;;;;;;;;60.7;65.54
00:13:30;71.79;;;;;;;;;67.05;65.66
00:13:31;80.33;;;;;;;;;73.4;65.71
00:13:32;84.96;;;;;;;;;80.03;65.67
00:13:33;79.29;;;;;;;;;80.23;65.51
00:13:33;72.61;;;;;;;;;77.78;65.29
00:13:34;72.13;;;;;;;;;75.2;65.09
00:13:36;66.77;;;;;;;;;71.65;64.97
00:13:37;71.08;;;;;;;;;69.63;64.93
00:13:37;61.35;;;;;;;;;66.25;64.96
00:13:38;62.12;;;;;;;;;63.03;65.01
00:13:39;62.02;;;;;;;;;61.5;65.04
00:13:40;63.08;;;;;;;;;61.1;65.05
00:13:41;58.82;;;;;;;;;62.6;65.05
00:13:42;60.83;;;;;;;;;64.7;65.04
00:13:43;63.74;;;;;;;;;65.17;65.01
00:13:44;66.89;;;;;;;;;65.1;64.95
00:13:45;65.56;;;;;;;;;65.93;64.86
00:13:46;61.28;;;;;;;;;65.97;64.79
00:13:47;59.85;;;;;;;;;64.15;64.72
00:13:48;62.23;;;;;;;;;63.9;64.69
00:13:49;60.29;;;;;;;;;63.43;64.71
00:13:50;63.22;;;;;;;;;61.7;64.68
00:13:51;59.05;;;;;;;;;61.68;64.55
00:13:52;58.23;;;;;;;;;60.03;64.28
00:13:53;53.17;;;;;;;;;56.42;63.91
00:13:54;53.81;;;;;;;;;54.95;63.58
00:14:08;54.41;;;;;;;;;54.58;63.44
00:14:09;57.7;;;;;;;;;55.45;63.53
00:14:09;66.01;;;;;;;;;60.05;63.86
00:14:10;64.69;;;;;;;;;64.13;64.22
00:14:11;67.74;;;;;;;;;67.13;64.58
00:14:12;69.41;;;;;;;;;69.3;64.92
00:14:13;66.06;;;;;;;;;69.63;65.23
00:14:14;69.21;;;;;;;;;69.95;65.56
00:14:16;68.45;;;;;;;;;70.18;65.77
00:14:17;69.62;;;;;;;;;70.58;65.81
00:14:18;71.25;;;;;;;;;70.78;65.8
00:14:19;69.68;;;;;;;;;71.43;65.78
00:14:19;71.69;;;;;;;;;72.08;65.8
00:14:20;76.23;;;;;;;;;72.35;65.92
00:14:21;70.5;;;;;;;;;72.3;66.08
00:14:22;71.74;;;;;;;;;70.58;66.2
00:14:23;66.84;;;;;;;;;68.3;66.39
00:14:24;66.04;;;;;;;;;65.8;66.58
00:14:25;59.88;;;;;;;;;63.72;66.67
00:14:26;62.01;;;;;;;;;62.2;66.75
00:14:27;63.3;;;;;;;;;61.7;66.72
00:14:28;61.96;;;;;;;;;62.9;66.71
00:14:29;62.33;;;;;;;;;63.8;66.76
00:14:30;61.35;;;;;;;;;64.8;66.89
00:14:31;69.67;;;;;;;;;65.82;67.1
00:14:32;60.93;;;;;;;;;65.18;67.24
00:14:33;68.57;;;;;;;;;63.85;67.34
00:14:34;64.85;;;;;;;;;64.53;67.41
00:14:34;64.04;;;;;;;;;66.25;67.52
00:14:35;69.05;;;;;;;;;66.63;67.81
00:14:36;64.93;;;;;;;;;67.18;68.32
00:14:37;67.01;;;;;;;;;66.82;68.95
00:14:38;65.7;;;;;;;;;65.3;69.62
00:14:39;71.34;;;;;;;;;66.7;70.28
00:14:40;67.45;;;;;;;;;69.9;70.85
00:14:40;73.17;;;;;;;;;70.35;71.32
00:14:41;72.76;;;;;;;;;70.68;71.66
00:14:42;67.46;;;;;;;;;71.3;71.8
00:14:43;78.56;;;;;;;;;70.22;71.79
00:14:44;74.05;;;;;;;;;70.63;71.72
00:14:45;79.34;;;;;;;;;72.43;71.74
00:14:46;78.35;;;;;;;;;72.47;71.89
00:14:46;75.88;;;;;;;;;73.55;72.18
00:14:47;77.31;;;;;;;;;76.45;72.45
00:14:55;82.57;;;;;;;;;78.55;72.63
00:14:55;78.41;;;;;;;;;83.78;72.73
00:15:00;81.56;;;;;;;;;83.9;72.79
00:15:04;81.69;;;;;;;;;83.65;72.87
00:15:05;78.61;;;;;;;;;80.95;72.94
00:15:09;71.06;;;;;;;;;74.03;72.95
00:15:13;75.28;;;;;;;;;73.38;72.87
00:15:14;68.17;;;;;;;;;72.63;72.66
00:15:19;71.52;;;;;;;;;71.93;72.29
00:15:24;68.65;;;;;;;;;73.28;71.84
00:15:25;65.42;;;;;;;;;70.02;71.33
00:15:26;61.82;;;;;;;;;64.3;70.73
00:15:27;59.67;;;;;;;;;60.45;70.02
00:15:28;57.24;;;;;;;;;56.78;69.23
00:15:29;56.26;;;;;;;;;54.93;68.36
00:15:30;58.25;;;;;;;;;55.53;67.49
00:15:32;64.82;;;;;;;;;57.08;66.7
00:15:33;65.25;;;;;;;;;60.05;65.88
00:15:45;75.92;;;;;;;;;66.78;64.98
00:15:45;72.41;;;;;;;;;73.6;64.04
00:15:47;78.58;;;;;;;;;77.83;62.99
00:15:48;71.23;;;;;;;;;77.35;61.93
00:15:49;66.19;;;;;;;;;72.68;60.92
00:15:56;66.2;;;;;;;;;66.18;59.95
00:15:58;62.24;;;;;;;;;63.08;59.11
00:15:59;63.24;;;;;;;;;61.75;58.43
00:16:00;62.94;;;;;;;;;60.58;57.9
00:16:01;56.22;;;;;;;;;58.52;57.64
00:16:06;56.21;;;;;;;;;55.05;57.5
00:16:07;50.52;;;;;;;;;52.7;57.49
00:16:08;52.01;;;;;;;;;51.5;57.55
00:16:09;51.03;;;;;;;;;52.03;57.47
00:16:10;55.78;;;;;;;;;52.6;57.37
00:16:12;54.34;;;;;;;;;52.65;57.21
00:16:13;52.03;;;;;;;;;53.1;57.03
00:16:13;55.11;;;;;;;;;53.55;57.08
00:16:15;59.72;;;;;;;;;54.65;57.33
00:16:16;57.21;;;;;;;;;56.6;57.7
00:16:17;54.03;;;;;;;;;57.33;58.19
00:16:18;56.75;;;;;;;;;56.88;58.64
00:16:19;49.04;;;;;;;;;56.35;59.08
00:16:20;58.08;;;;;;;;;54.98;59.54
00:16:21;56.81;;;;;;;;;55.77;60.04
00:16:22;58.67;;;;;;;;;58.07;60.59
00:16:23;66.11;;;;;;;;;60.08;61.31
00:16:23;61.03;;;;;;;;;63.48;62.21
00:16:24;72.79;;;;;;;;;65.13;63.29
00:16:25;66.31;;;;;;;;;66.95;64.4
00:16:26;65.06;;;;;;;;;67.75;65.39
00:16:27;69.94;;;;;;;;;66.63;66.27
00:16:28;69.03;;;;;;;;;66.88;67.1
00:16:29;74.32;;;;;;;;;66.9;67.9
00:16:30;67.65;;;;;;;;;66.97;68.63
00:16:31;67.94;;;;;;;;;68.28;69.21
00:16:32;63.71;;;;;;;;;68.3;69.57
00:16:32;69.18;;;;;;;;;68.15;69.84
00:16:43;71.92;;;;;;;;;70.18;70.09
00:17:00;79.15;;;;;;;;;74.08;70.33
00:17:01;81.44;;;;;;;;;80.5;70.51
00:17:02;91.36;;;;;;;;;86.67;70.55
00:17:03;78.05;;;;;;;;;86.38;70.41
00:17:04;67.94;;;;;;;;;82.3;70.1
00:17:05;66.36;;;;;;;;;76.35;69.68
00:17:06;65.44;;;;;;;;;69.93;69.23
00:17:07;61.58;;;;;;;;;67.25;68.78
00:17:08;65.89;;;;;;;;;65.03;68.31
00:17:19;60.59;;;;;;;;;62.6;67.8
00:17:20;60.33;;;;;;;;;61.0;67.28
00:17:23;62.36;;;;;;;;;60.25;66.74
00:17:24;62.11;;;;;;;;;60.53;66.1
00:17:25;64.07;;;;;;;;;61.25;65.3
00:17:26;58.87;;;;;;;;;61.13;64.36
00:17:29;61.64;;;;;;;;;62.2;63.24
00:17:33;63.98;;;;;;;;;63.28;62.24
00:17:34;52.55;;;;;;;;;61.98;61.44
00:17:35;55.07;;;;;;;;;60.15;60.7
00:17:36;60.55;;;;;;;;;59.2;60.15
00:17:38;59.31;;;;;;;;;59.05;59.77
00:17:40;65.86;;;;;;;;;60.75;59.6
00:17:41;64.66;;;;;;;;;63.05;59.71
00:17:42;55.01;;;;;;;;;62.23;60.08
00:17:43;57.12;;;;;;;;;58.6;60.52
00:17:44;58.21;;;;;;;;;55.9;61.06
00:17:45;55.77;;;;;;;;;54.6;61.68
00:17:46;55.82;;;;;;;;;55.33;62.51
00:17:47;64.67;;;;;;;;;58.75;63.57
00:17:48;66.54;;;;;;;;;62.03;64.73
00:17:49;67.83;;;;;;;;;64.63;65.93
00:17:52;68.18;;;;;;;;;66.2;67.03
00:18:01;55.8;;;;;;;;;66.03;67.91
00:18:03;66.34;;;;;;;;;64.78;68.63
00:18:07;65.77;;;;;;;;;63.7;69.2
00:18:13;60.54;;;;;;;;;60.35;69.51
00:18:21;62.71;;;;;;;;;59.23;69.59
00:18:21;70.64;;;;;;;;;62.13;69.58
00:18:22;78.31;;;;;;;;;68.55;69.49
00:18:23;90.24;;;;;;;;;77.3;69.55
00:18:24;90.3;;;;;;;;;88.28;69.75
00:18:24;87.08;;;;;;;;;90.3;70.05
00:18:27;87.64;;;;;;;;;89.38;70.52
00:18:28;85.73;;;;;;;;;90.65;71.0
00:18:29;82.23;;;;;;;;;88.72;71.43
00:18:30;79.37;;;;;;;;;86.35;71.86
00:18:48;81.31;;;;;;;;;82.57;72.3
00:18:50;70.51;;;;;;;;;76.03;72.78
00:18:56;63.07;;;;;;;;;68.25;73.35
00:18:56;61.66;;;;;;;;;64.95;73.8
00:18:57;63.69;;;;;;;;;62.83;74.05
00:18:58;62.03;;;;;;;;;63.35;74.16
00:18:59;64.73;;;;;;;;;64.0;74.17
00:19:20;66.21;;;;;;;;;64.53;74.16
00:19:28;60.64;;;;;;;;;63.88;74.18
00:19:29;60.51;;;;;;;;;60.75;74.2
00:19:30;63.66;;;;;;;;;59.5;74.23
00:19:31;62.15;;;;;;;;;61.0;74.31
00:19:32;66.45;;;;;;;;;62.97;74.41
00:19:34;71.17;;;;;;;;;65.6;74.5
00:19:35;79.26;;;;;;;;;72.1;74.52
00:19:36;82.23;;;;;;;;;79.35;74.34
00:19:36;87.14;;;;;;;;;83.2;73.96
00:19:37;87.32;;;;;;;;;88.73;73.5
00:19:38;85.75;;;;;;;;;86.8;73.04
00:19:39;83.66;;;;;;;;;84.05;72.77
00:19:39;81.35;;;;;;;;;83.22;72.97
00:19:42;76.66;;;;;;;;;79.85;73.45
00:19:43;75.34;;;;;;;;;78.87;74.24
00:19:44;78.65;;;;;;;;;78.95;75.23
00:19:45;78.03;;;;;;;;;77.4;76.18
00:19:45;75.2;;;;;;;;;75.97;77.01
00:19:46;77.29;;;;;;;;;75.05;77.77
00:19:47;78.22;;;;;;;;;73.25;78.42
00:19:48;85.49;;;;;;;;;75.5;78.87
00:19:49;77.4;;;;;;;;;77.45;79.1
00:19:49;74.43;;;;;;;;;78.0;79.03
00:19:50;74.0;;;;;;;;;77.43;78.76
00:19:52;74.73;;;;;;;;;76.22;78.38
00:19:53;79.13;;;;;;;;;76.43;78.15
00:19:54;72.06;;;;;;;;;77.7;77.99
00:19:55;81.81;;;;;;;;;78.53;77.8
00:19:56;74.88;;;;;;;;;77.85;77.58
00:19:57;72.54;;;;;;;;;75.6;77.28
00:19:57;68.59;;;;;;;;;73.28;76.9
00:19:58;71.83;;;;;;;;;71.83;76.52
00:20:01;75.06;;;;;;;;;72.17;76.23
00:20:01;77.03;;;;;;;;;75.02;76.09
00:20:02;83.99;;;;;;;;;77.4;76.06
00:20:03;84.58;;;;;;;;;82.97;76.2
00:20:04;81.88;;;;;;;;;86.35;76.34
00:20:12;82.69;;;;;;;;;84.57;76.45
00:20:13;72.93;;;;;;;;;81.05;76.57
00:20:16;69.67;;;;;;;;;72.63;76.65
00:20:17;73.31;;;;;;;;;69.08;76.7
00:20:18;70.61;;;;;;;;;70.13;76.77
00:20:19;71.68;;;;;;;;;73.68;76.81
00:20:20;76.07;;;;;;;;;74.25;76.81
00:20:21;65.7;;;;;;;;;72.3;76.8
00:20:44;68.7;;;;;;;;;70.15;76.73
00:20:45;80.85;;;;;;;;;72.63;76.71
00:21:09;85.69;;;;;;;;;78.4;76.75
00:21:31;89.75;;;;;;;;;84.98;76.8
00:21:39;84.41;;;;;;;;;89.43;76.82
00:21:40;81.04;;;;;;;;;84.68;76.78
00:21:41;76.02;;;;;;;;;80.95;76.71
00:21:41;76.52;;;;;;;;;76.3;76.66
00:21:42;71.53;;;;;;;;;72.45;76.62
00:21:43;72.92;;;;;;;;;72.72;76.54
00:21:44;78.28;;;;;;;;;73.4;76.38
00:21:45;73.75;;;;;;;;;72.9;76.11
00:21:45;81.58;;;;;;;;;73.67;75.77
00:21:46;74.94;;;;;;;;;74.88;75.41
00:21:47;80.45;;;;;;;;;75.25;75.1
00:21:48;71.53;;;;;;;;;76.35;74.84
00:21:49;76.81;;;;;;;;;76.5;74.74
00:21:49;71.4;;;;;;;;;76.35;74.76
00:21:50;78.01;;;;;;;;;76.15;74.77
00:21:51;71.83;;;;;;;;;75.48;74.7
00:21:52;76.23;;;;;;;;;75.47;74.39
00:21:53;73.9;;;;;;;;;75.38;73.97
00:21:53;71.28;;;;;;;;;74.75;73.55
00:21:54;68.61;;;;;;;;;74.75;73.26
00:21:55;71.07;;;;;;;;;73.47;73.04
00:21:56;77.4;;;;;;;;;72.6;72.88
00:21:57;70.25;;;;;;;;;72.18;72.85
00:21:58;73.55;;;;;;;;;71.13;72.99
00:21:58;70.23;;;;;;;;;70.8;73.31
00:21:59;73.21;;;;;;;;;70.4;73.79
00:22:00;65.35;;;;;;;;;70.58;74.3
00:22:01;69.69;;;;;;;;;70.83;74.59
00:22:02;73.95;;;;;;;;;70.9;74.72
00:22:03;70.86;;;;;;;;;71.1;74.69
00:22:03;71.42;;;;;;;;;71.35;74.5
00:22:04;70.84;;;;;;;;;71.68;74.28
00:22:05;75.6;;;;;;;;;72.13;74.01
00:22:06;72.86;;;;;;;;;72.15;73.61
00:22:07;72.43;;;;;;;;;71.97;73.15
00:22:08;74.5;;;;;;;;;72.3;72.66
00:22:08;75.23;;;;;;;;;72.57;72.15
00:22:09;75.16;;;;;;;;;73.47;71.65
00:22:10;80.09;;;;;;;;;74.52;71.1
00:22:12;76.62;;;;;;;;;75.45;70.5
00:22:13;78.23;;;;;;;;;76.8;69.82
00:22:15;75.82;;;;;;;;;77.4;69.06
00:22:18;78.63;;;;;;;;;77.75;68.24
00:27:34;82.54;;;;;;;;;78.18;67.39
00:27:37;74.12;;;;;;;;;77.78;66.5
00:27:39;68.2;;;;;;;;;76.05;65.61
00:30:09;66.26;;;;;;;;;71.6;64.66
00:30:10;55.75;;;;;;;;;63.27;63.64
00:30:38;52.24;;;;;;;;;56.2;62.57
00:34:08;50.46;;;;;;;;;51.95;61.46
00:36:09;52.01;;;;;;;;;50.6;60.37
00:42:16;65.19;;;;;;;;;52.53;59.29
00:42:17;70.23;;;;;;;;;54.2;58.28
00:42:19;74.0;;;;;;;;;55.03;57.27
00:42:20;75.04;;;;;;;;;53.55;56.25
00:45:03;70.23;;;;;;;;;52.5;55.23
00:47:22;80.0;;;;;;;;;50.73;54.16
00:49:36;85.49;;;;;;;;;49.5;53.1
00:51:24;82.09;;;;;;;;;50.5;52.08
00:58:51;50.27;;;;;;;;;50.27;51.14
00:58:52;52.76;;;;;;;;;50.3;50.34
01:01:42;44.21;;;;;;;;;49.05;49.69
01:01:44;46.43;;;;;;;;;47.33;49.23
01:04:47;49.12;;;;;;;;;47.38;48.91
01:06:08;50.6;;;;;;;;;47.25;48.66
01:06:25;50.52;;;;;;;;;47.93;48.48
01:11:05;42.2;;;;;;;;;48.98;48.3
01:11:37;47.25;;;;;;;;;49.82;48.28
01:12:23;51.68;;;;;;;;;50.15;48.5
01:12:56;49.26;;;;;;;;;50.25;48.92
01:13:19;58.12;;;;;;;;;50.33;49.61
01:14:31;54.7;;;;;;;;;50.5;50.37
01:14:47;55.45;;;;;;;;;51.92;51.18
01:19:32;50.68;;;;;;;;;53.78;51.94
01:19:33;53.52;;;;;;;;;54.03;52.64
01:19:34;54.12;;;;;;;;;53.63;53.38
01:19:35;55.16;;;;;;;;;53.4;54.12
01:21:02;54.47;;;;;;;;;51.78;54.98
01:23:58;56.48;;;;;;;;;51.83;55.91
01:24:07;51.81;;;;;;;;;53.38;56.9
01:24:13;62.49;;;;;;;;;54.58;57.9
01:24:14;56.91;;;;;;;;;58.25;58.83
01:24:15;61.49;;;;;;;;;61.05;59.65
01:24:16;65.62;;;;;;;;;63.1;60.38
01:24:55;62.33;;;;;;;;;64.33;61.11
01:25:54;58.68;;;;;;;;;62.78;61.83
01:25:55;56.31;;;;;;;;;61.7;62.54
01:28:06;53.14;;;;;;;;;58.77;63.17
01:28:07;61.85;;;;;;;;;57.78;63.66
01:28:24;66.71;;;;;;;;;60.25;64.08
01:28:25;69.83;;;;;;;;;62.93;64.5
01:29:08;70.72;;;;;;;;;70.13;64.9
01:29:09;66.81;;;;;;;;;71.92;65.25
01:29:10;74.57;;;;;;;;;71.23;65.56
01:29:22;75.98;;;;;;;;;71.83;65.76
01:29:23;66.66;;;;;;;;;69.35;65.88
01:29:24;69.31;;;;;;;;;72.05;65.91
01:29:25;69.36;;;;;;;;;72.5;65.81
01:29:26;67.49;;;;;;;;;71.4;65.65
01:29:54;66.46;;;;;;;;;69.18;65.48
01:30:27;69.49;;;;;;;;;65.78;65.28
01:30:28;65.53;;;;;;;;;64.65;65.07
01:30:29;63.93;;;;;;;;;62.5;64.86
01:31:36;58.83;;;;;;;;;62.35;64.59
01:31:39;56.02;;;;;;;;;61.0;64.29
01:31:40;57.56;;;;;;;;;59.38;63.93
01:31:41;65.77;;;;;;;;;59.95;63.47
01:31:46;61.83;;;;;;;;;61.13;63.03
01:31:48;60.86;;;;;;;;;62.02;62.64
01:32:36;60.55;;;;;;;;;62.2;62.37
01:32:37;62.9;;;;;;;;;61.1;62.23
01:32:38;56.48;;;;;;;;;60.43;62.13
01:32:39;65.54;;;;;;;;;60.42;62.09
01:32:41;62.35;;;;;;;;;61.3;62.01
01:32:41;58.7;;;;;;;;;61.88;61.88
01:33:11;59.66;;;;;;;;;59.35;61.75
01:33:55;59.01;;;;;;;;;58.33;61.61
01:33:57;56.72;;;;;;;;;58.35;61.63
01:33:58;58.39;;;;;;;;;57.75;61.73
01:33:58;57.27;;;;;;;;;59.15;61.93
01:33:59;62.64;;;;;;;;;59.88;62.3
01:34:00;62.05;;;;;;;;;60.67;62.76
01:34:01;62.46;;;;;;;;;63.65;63.39
01:34:04;67.5;;;;;;;;;65.33;64.06
01:34:05;71.59;;;;;;;;;67.0;64.64
01:34:06;66.7;;;;;;;;;67.6;64.99
01:34:07;63.66;;;;;;;;;66.85;65.12
01:34:08;65.56;;;;;;;;;65.48;65.14
01:34:35;69.66;;;;;;;;;64.35;65.1
01:34:36;60.99;;;;;;;;;63.85;65.1
01:34:37;70.0;;;;;;;;;65.35;65.13
01:34:38;72.17;;;;;;;;;68.85;65.18
01:34:48;77.0;;;;;;;;;71.55;65.31
01:34:49;76.0;;;;;;;;;73.52;65.5
01:34:50;70.56;;;;;;;;;73.03;65.74
01:34:51;64.13;;;;;;;;;71.12;66.0
01:34:52;68.8;;;;;;;;;69.18;66.22
01:34:53;61.27;;;;;;;;;66.38;66.47
01:34:54;60.04;;;;;;;;;63.78;66.72
01:34:55;67.25;;;;;;;;;62.88;66.97
01:34:56;63.55;;;;;;;;;63.8;67.2
01:34:57;73.21;;;;;;;;;66.28;67.26
01:34:57;70.76;;;;;;;;;69.0;67.25
01:34:59;68.98;;;;;;;;;69.75;67.23
01:35:03;65.27;;;;;;;;;68.02;67.17
01:35:42;54.11;;;;;;;;;64.35;67.13
01:35:43;50.77;;;;;;;;;59.03;67.07
01:35:43;55.53;;;;;;;;;56.1;66.99
01:35:44;58.83;;;;;;;;;54.88;66.98
01:36:14;63.48;;;;;;;;;57.13;66.99
01:36:15;65.67;;;;;;;;;63.23;67.02
01:36:18;72.54;;;;;;;;;68.13;67.04
01:36:19;74.35;;;;;;;;;72.48;66.99
01:36:29;71.58;;;;;;;;;74.6;66.89
01:36:30;76.67;;;;;;;;;74.45;66.75
01:36:31;66.94;;;;;;;;;73.63;66.61
01:36:32;72.2;;;;;;;;;72.13;66.56
01:36:33;70.82;;;;;;;;;70.43;66.61
01:36:33;71.71;;;;;;;;;69.67;66.76
01:36:34;65.66;;;;;;;;;68.68;67.0
01:36:35;68.85;;;;;;;;;68.68;67.27
01:36:36;72.94;;;;;;;;;68.55;67.57
01:36:37;67.46;;;;;;;;;66.43;67.85
01:36:38;65.73;;;;;;;;;65.47;68.08
01:37:20;67.5;;;;;;;;;65.43;68.17
01:37:31;68.19;;;;;;;;;65.88;68.13
01:37:32;75.17;;;;;;;;;67.93;68.04
01:37:41;70.75;;;;;;;;;68.6;68.01
01:37:53;66.74;;;;;;;;;67.8;68.16
01:37:54;66.99;;;;;;;;;67.0;68.42
01:37:55;64.68;;;;;;;;;66.23;68.7
01:38:12;69.66;;;;;;;;;65.85;68.85
01:38:13;61.25;;;;;;;;;66.03;68.75
01:38:13;61.04;;;;;;;;;65.47;68.47
01:38:14;70.73;;;;;;;;;65.85;68.09
01:38:46;73.66;;;;;;;;;66.35;68.02
01:38:47;70.78;;;;;;;;;67.2;67.95
01:39:02;70.26;;;;;;;;;69.38;67.86
01:39:03;72.17;;;;;;;;;69.92;67.76
01:39:31;67.61;;;;;;;;;70.2;67.65
01:39:32;68.46;;;;;;;;;69.55;67.53
01:39:32;68.07;;;;;;;;;67.95;67.4
01:39:33;69.66;;;;;;;;;67.95;67.25
01:40:05;63.35;;;;;;;;;67.78;67.08
01:40:06;66.36;;;;;;;;;68.02;66.9
01:40:07;68.23;;;;;;;;;67.88;66.71
01:40:08;62.79;;;;;;;;;65.7;66.5
01:40:09;60.5;;;;;;;;;64.82;66.27
01:40:13;70.85;;;;;;;;;63.48;66.03
01:40:13;67.41;;;;;;;;;64.72;65.76
01:40:25;67.51;;;;;;;;;67.3;65.48
01:40:26;64.82;;;;;;;;;69.25;65.18
01:40:34;69.24;;;;;;;;;69.9;64.86
01:40:35;66.13;;;;;;;;;67.05;64.52
01:40:36;60.35;;;;;;;;;64.03;64.16
01:40:37;57.34;;;;;;;;;61.25;63.77
01:40:38;61.53;;;;;;;;;60.65;63.36
01:40:39;59.44;;;;;;;;;61.6;62.93
01:40:40;58.22;;;;;;;;;61.95;62.48
01:40:41;57.33;;;;;;;;;61.05;62.0